Word,0
ke,1621
dari,1214
ui,478
berangkat,394
bogor,129
fasilkom,127
depok,112
jalan,81
pergi,81
jakarta,75
cara,70
bekasi,62
stasiun,62
ancol,61
bagaimana,59
bandung,56
grogol,50
city,48
universitas,45
pluit,44
rumah,42
tanah,41
central,40
senayan,40
indonesia,39
slipi,37
park,37
kota,35
pasar,34
monas,33
angke,33
abang,33
dua,31
blok,29
pondok,28
indah,27
menteng,25
mau,24
mall,23
mangga,23
dong,22
sman,22
sudirman,21
tebet,21
itb,21
ugm,20
jembatan,20
taman,19
sentul,19
bintaro,19
museum,18
binus,17
bandara,17
minggu,17
manggarai,16
anggrek,16
square,16
margo,16
mana,16
rute,15
tunjukin,15
margonda,15
naik,14
kelapa,14
kutek,14
fatahillah,14
tokopedia,14
kuningan,14
jadwal,14
gading,14
surabaya,13
karet,13
semanggi,13
cengkareng,13
besar,13
lewat,12
malang,12
plaza,12
medan,12
trisakti,12
kebumen,12
kalibata,11
malioboro,11
pulo,11
pantai,11
agung,11
hatta,11
lenteng,11
tanjung,11
london,10
cibubur,10
serpong,10
jaya,9
fx,9
baru,9
krl,9
pim,9
saya,9
soekarno,9
halim,9
aeon,9
cawang,9
yogyakarta,9
bali,9
barat,9
duren,9
pamulang,8
pinang,8
matraman,8
gimana,8
kebun,8
sini,8
bsd,8
duri,8
merauke,8
kereta,8
ranti,8
raya,8
kampus,8
poris,8
fatmawati,7
kemang,7
kokas,7
pulang,7
ipb,7
gambir,7
hati,7
sabang,7
gi,7
kebayoran,7
denpasar,7
ciracas,7
gede,7
kukusan,7
tokyo,7
scbd,7
traveloka,7
meruya,7
st,7
gunadarma,7
bambu,6
borobudur,6
gedung,6
sekolah,6
wisma,6
grand,6
lama,6
mal,6
hall,6
coba,6
palembang,6
industri,6
kawasan,6
botani,6
kristen,6
rumahku,6
jl,6
tambun,6
ahmad,6
terminal,6
pocin,6
yusuf,6
tangerang,6
palmerah,6
kusir,6
puncak,6
pik,6
sma,6
klender,5
kasablanka,5
rawamangun,5
antara,5
arena,5
bukalapak,5
kampung,5
bus,5
mcd,5
gunung,5
residence,5
aceh,5
sutera,5
kutosari,5
bci,5
gang,5
cibinong,5
puri,5
mada,5
hotel,5
kapuk,5
tendean,5
town,5
utara,5
its,5
apa,5
bukit,5
ya,5
permata,5
feb,5
no,5
48,5
untar,5
vihara,5
gajah,5
detos,5
kemayoran,5
kapten,4
wisata,4
read,4
hatimu,4
pm,4
jogja,4
batu,4
ruma,4
juanda,4
menuju,4
junction,4
tmii,4
efek,4
seoul,4
salemba,4
alun,4
rs,4
don,4
mangrove,4
dr,4
kamu,4
new,4
hatiku,4
kebon,4
suci,4
bursa,4
cileungsi,4
shopping,4
tegal,4
10,4
rusun,4
alam,4
lebak,4
emporium,4
balige,4
bosco,4
village,4
senen,4
ub,4
cikini,4
pusat,4
busway,4
york,4
singapore,4
rangkasbitung,4
40,4
mokmer,4
buaran,4
altrovis,4
siloam,4
pademangan,4
gua,4
jati,4
cakung,4
atas,4
smak,4
priok,4
ragunan,4
padang,4
cermati,4
banyuwangi,4
kalimalang,4
yani,4
tau,4
beji,4
hospital,4
piere,4
jagakarsa,4
tanya,4
vidi,4
komplek,4
cilandak,4
kembang,4
jeruk,4
tsm,3
korea,3
bulus,3
turi,3
cisitu,3
jatiwaringin,3
itc,3
sampai,3
gramedia,3
merdeka,3
teknik,3
cari,3
sudimara,3
transjakarta,3
ukrida,3
jatinangor,3
deposito,3
mojokerto,3
purwokerto,3
lenmarc,3
asri,3
paling,3
vesperia,3
ambon,3
santa,3
caranya,3
seturan,3
joyoboyo,3
mantan,3
sawangan,3
cikarang,3
abadi,3
sakti,3
bppt,3
korindo,3
pariaman,3
danau,3
ranji,3
bulungan,3
kantor,3
soeta,3
pontianak,3
jurangmangu,3
kalisari,3
cijantung,3
kuta,3
midplaza,3
hatinya,3
selatan,3
mega,3
indo,3
dago,3
citra,3
tua,3
cina,3
jatibening,3
barata,3
aku,3
bank,3
sicc,3
paris,3
singkawang,3
ariobimo,3
prambanan,3
pejaten,3
mampang,3
kalau,3
banten,3
graha,3
keraton,3
fib,3
perumahan,3
condet,3
fakultas,3
angkutan,3
rajawali,3
lottemart,3
serdang,3
casablanca,3
harmoni,3
tanggerang,3
to,3
harapan,3
stis,3
kranji,3
balai,3
xbata,2
ratu,2
dah,2
margocity,2
muncul,2
kudoplex,2
toba,2
ypm,2
sunter,2
planetarium,2
metro,2
istana,2
sawahlunto,2
kembali,2
villa,2
solo,2
flipbox,2
hartono,2
ciganjur,2
sepulsa,2
hmm,2
bahy,2
dhammacakka,2
ppsdms,2
myeongdong,2
kedutaan,2
merak,2
otista,2
unsri,2
cihampelas,2
cepet,2
baitussalam,2
halte,2
pwc,2
wonosobo,2
papua,2
ragusa,2
susun,2
cinere,2
kebalen,2
belmont,2
pacar,2
nih,2
pisangan,2
pejagalan,2
tripvisto,2
pertamina,2
kyoto,2
doi,2
78,2
smpn,2
salatiga,2
lamongan,2
cp,2
warna,2
gong,2
ujung,2
the,2
kukel,2
bot,2
negeri,2
candi,2
fisip,2
bis,2
ignatius,2
arah,2
umum,2
daerah,2
surga,2
putri,2
jodoh,2
gdp,2
di,2
ciledug,2
dharma,2
unj,2
jatinegara,2
simatupang,2
kalo,2
yg,2
ice,2
gandaria,2
tamini,2
dki,2
pulogadung,2
polsek,2
tarutung,2
cibodas,2
timur,2
berapa,2
pogung,2
halo,2
sukatani,2
merapi,2
alur,2
lampung,2
tahun,2
co,2
jelambar,2
sanur,2
university,2
kasih,2
kamboja,2
brawijaya,2
semarang,2
kapur,2
xiii,2
mini,2
al,2
tb,2
kartini,2
garden,2
madura,2
cengkeh,2
dimensi,2
ongkos,2
petojo,2
up,2
perpusat,2
porcelain,2
mutiara,2
kober,2
ciputat,2
damaratri,2
cililitan,2
marga,2
bogowonto,2
yang,2
old,2
enjong,2
prapatan,2
soekarna,2
stie,2
telkom,2
harco,2
kramat,2
cibulan,2
anyer,2
asrama,2
batam,2
limelight,2
pt,2
sriwijaya,2
sukses,2
teluk,2
bellezza,2
rakyat,2
mansion,2
dolly,2
stan,2
nasional,2
telaga,2
mares,2
indralaya,2
apartment,2
walk,2
cek,2
pgc,2
depan,2
pakuan,2
kulon,2
arjosari,2
arcade,2
jambi,2
unpad,2
arwana,2
jurusan,2
amsterdam,2
kavling,2
cikeas,2
louis,2
masjid,2
trafford,2
tugu,2
makassar,2
quarry,2
16,2
adam,1
abis,1
simpang,1
termalam,1
jakpus,1
berantkat,1
tp,1
gue,1
pathok,1
kirana,1
senopati,1
kyai,1
pullman,1
melawai,1
pangkalpinang,1
tembalang,1
guesthouse,1
subroto,1
katedral,1
jagal,1
centex,1
gereja,1
sumedang,1
kawah,1
puring,1
cempaka,1
pakansari,1
cafe,1
cream,1
gkii,1
yanatera,1
pangkalan,1
cimory,1
coret,1
jawa,1
rawabuntu,1
hilir,1
tim,1
bayu,1
van,1
sentani,1
sawit,1
deket,1
kolam,1
djuanda,1
dia,1
school,1
bage,1
citicon,1
harukaedu,1
jatos,1
binatang,1
building,1
pacil,1
suryopranoto,1
radio,1
surabya,1
rambutan,1
ismail,1
restaurant,1
celeduk,1
penabur,1
sekeloa,1
3d,1
maluku,1
corat,1
tubagus,1
sana,1
putih,1
student,1
tawakal,1
persada,1
krt,1
pesawat,1
pekan,1
jarak,1
international,1
castle8,1
bojongsari,1
squatr,1
center,1
pesing,1
penjaringan,1
a2,1
cotton,1
undip,1
makan,1
kotatua,1
of,1
kolatu,1
tadulako,1
tarumanagara,1
ubm,1
pal,1
nusa,1
happiness,1
farid,1
bumirejo,1
madrid,1
donald,1
bakom,1
benhil,1
cabe,1
tunjukan,1
unnes,1
2601,1
sragen,1
sency,1
prasasti,1
ciwalk,1
jojga,1
trowulan,1
legenda,1
istimewa,1
greenvile,1
blibli,1
auditorium,1
cie,1
aggrek,1
portugis,1
banfung,1
ciomas,1
pagi,1
cisarua,1
gelora,1
pucang,1
kuning,1
yaudah,1
prom,1
gatot,1
maliboro,1
osaka,1
bahari,1
jodohnya,1
tergar,1
soto,1
lapangan,1
patra,1
medicha,1
yumna,1
septama,1
artis,1
lima,1
lotte,1
gorontalo,1
inderalaya,1
tolong,1
sumatera,1
neraka,1
pala,1
lagi,1
menara,1
energybuilding,1
kudo,1
lor,1
adi,1
jatiasih,1
antartica,1
blom,1
ado,1
kartika,1
mc,1
sydney,1
presiden,1
bdn,1
baturaja,1
ngoding,1
loh,1
persahabatan,1
dalam,1
rapih,1
nusantara,1
usmar,1
farisi,1
metropole,1
point,1
rangkas,1
regensi,1
asih,1
rahardi,1
cirebon,1
gadjah,1
55,1
gitu,1
belleza,1
bip,1
saharjo,1
pule,1
banda,1
meruyung,1
commuterline,1
ketemu,1
singapura,1
apus,1
bdg,1
darj,1
daru,1
lestari,1
delhi,1
politeknik,1
uo,1
batangan,1
yogyakarya,1
kelurahan,1
hermitage,1
tg,1
green,1
balik,1
pancoran,1
sawah,1
piruvat,1
ps,1
teras,1
lebih,1
xl,1
glodok,1
unair,1
dramaga,1
dieng,1
kfc,1
mentenf,1
nias,1
utc,1
beijing,1
management,1
abuba,1
unbraw,1
kramatjati,1
niat,1
bung,1
gor,1
pulomas,1
renang,1
inggris,1
nomor,1
rempoa,1
ntu,1
cipete,1
silicon,1
arga,1
inggria,1
palem,1
suramadu,1
world,1
mogot,1
supermall,1
festival,1
daei,1
citu,1
sport,1
room,1
stp,1
malamg,1
bakmi,1
gubeng,1
cimanggu,1
pekanbaru,1
trisakkti,1
lembang,1
hukum,1
kimochi,1
gky,1
setu,1
snow,1
dimana,1
jalurnya,1
jaksel,1
margaasih,1
tol,1
deh,1
convention,1
perbanas,1
gusuran,1
pare,1
lawet,1
del,1
yai,1
tumbuh,1
garut,1
rawa,1
madya,1
pelabuhan,1
13,1
bei,1
eden,1
19,1
bagimana,1
bandan,1
karawaci,1
benar,1
singapur,1
benteng,1
lombok,1
mawar,1
airlangga,1
teuku,1
wigo,1
dan,1
meurah,1
jodohku,1
dai,1
temen,1
raka,1
ft,1
maguwo,1
dar,1
berangkay,1
kusumah,1
merpati,1
menganti,1
katamso,1
pekojan,1
banyak,1
iti,1
valley,1
indra,1
tampilkan,1
maegonda,1
28,1
taksi,1
itu,1
avenue,1
lokasi,1
22,1
la,1
nganjuk,1
amerika,1
saboga,1
ruci,1
kemenlu,1
nya,1
sempur,1
bumi,1
bridjen,1
benda,1
pancasila,1
jasa,1
es,1
saham,1
toasebio,1
cesa,1
bookopi,1
golek,1
2301,1
jkt,1
antartika,1
cuma,1
energy,1
indomaret,1
2a,1
uph,1
orange,1
pajajaran,1
fathillah,1
2d,1
mulia,1
chandra,1
man,1
house,1
tadi,1
sungailiat,1
laguboti,1
thamrin,1
ambarukmo,1
roxy,1
waifu,1
negri,1
bakasi,1
babi,1
uber,1
paswalpres,1
upnvj,1
mediapura,1
rsup,1
nutrifood,1
rasuna,1
34,1
mayestik,1
hutan,1
jalur,1
cl,1
gangnam,1
nenek,1
banyumas,1
cilebut,1
ghulam,1
airport,1
cipedak,1
porsea,1
tamya,1
morocco,1
via,1
tirta,1
brimob,1
trans,1
bunga,1
pluitvillage,1
awal,1
kopasus,1
bukpis,1
venture,1
kored,1
teber,1
jungleland,1
harvard,1
uui,1
samosir,1
insan,1
said,1
mirota,1
ibis,1
salman,1
air,1
sarina,1
uny,1
ternate,1
maharta,1
barito,1
kosambi,1
kayangan,1
sidoarjo,1
it,1
rusia,1
rik,1
rivaria,1
exchange,1
kebahagiaan,1
changi,1
ayah,1
bandengan,1
java,1
ngaliyan,1
dun,1
sibolga,1
stadion,1
bukalapal,1
angkot,1
kemanggisan,1
sumarecon,1
bakpia,1
tija,1
apartemen,1
prasetya,1
ciputra,1
glukosa,1
studio,1
panti,1
soetta,1
perdana,1
kendari,1
kp,1
sd,1
exprees,1
usu,1
atma,1
kita,1
thomas,1
meize,1
km,1
siantar,1
elan,1
punggaluku,1
manchester,1
bendungan,1
gadang,1
citos,1
batik,1
trus,1
jam,1
pajagalan,1
sektor,1
unand,1
buperta,1
77,1
medab,1
petanahan,1
71,1
temanggunv,1
libra,1
medam,1
belitung,1
ka,1
karang,1
citywalk,1
makasar,1
luqman,1
tapa,1
daan,1
02,1
kidul,1
bri,1
malimping,1
tanyajalan,1
paragon,1
sukabumi,1
fair,1
karno,1
cendekia,1
gram,1
polisi,1
enak,1
selot,1
rebo,1
pvj,1
bitung,1
bhaktiyuda,1
buat,1
malaysia,1
sakit,1
citeureup,1
serang,1
tunjukkan,1
joint,1
krim,1
pasaraya,1
inpres,1
gadin,1
univ,1
uu,1
ngaterin,1
prima,1
ramayana,1
kencana,1
tangcit,1
klapasawit,1
gbi,1
melayu,1
