Word,0
ke,1621
dari,1214
ui,477
berangkat,394
bogor,129
fasilkom,127
depok,112
pergi,81
jalan,81
jakarta,75
cara,70
stasiun,62
bekasi,62
ancol,60
bagaimana,59
bandung,56
grogol,50
city,48
universitas,45
pluit,44
rumah,42
tanah,41
senayan,40
central,40
indonesia,39
slipi,37
park,36
kota,35
pasar,34
abang,33
angke,33
monas,33
dua,31
blok,29
pondok,28
indah,27
menteng,25
mau,24
mall,23
mangga,23
sman,22
dong,22
itb,21
sudirman,21
tebet,21
ugm,20
jembatan,20
sentul,19
bintaro,19
taman,19
museum,18
bandara,17
minggu,17
binus,17
mana,16
anggrek,16
square,16
manggarai,16
margo,16
tunjukin,15
margonda,15
rute,15
jadwal,14
fatahillah,14
kuningan,14
tokopedia,14
naik,14
kelapa,14
kutek,14
gading,14
semanggi,13
besar,13
surabaya,13
karet,13
cengkareng,13
trisakti,12
plaza,12
medan,12
kebumen,12
malang,12
lewat,12
malioboro,11
hatta,11
pulo,11
pantai,11
agung,11
tanjung,11
lenteng,11
kalibata,11
cibubur,10
serpong,10
london,10
barat,9
fx,9
duren,9
baru,9
soekarno,9
pim,9
saya,9
aeon,9
jaya,9
halim,9
krl,9
cawang,9
yogyakarta,9
bali,9
ranti,8
pamulang,8
bsd,8
kebun,8
kereta,8
gimana,8
raya,8
pinang,8
merauke,8
duri,8
matraman,8
poris,8
kampus,8
sini,8
gi,7
meruya,7
fatmawati,7
sabang,7
traveloka,7
st,7
gede,7
denpasar,7
pulang,7
gambir,7
kokas,7
kukusan,7
ipb,7
hati,7
ciracas,7
gunadarma,7
kebayoran,7
tokyo,7
scbd,7
kemang,7
wisma,6
coba,6
mal,6
gedung,6
lama,6
sekolah,6
industri,6
hall,6
borobudur,6
palmerah,6
palembang,6
kawasan,6
botani,6
bambu,6
rumahku,6
kristen,6
pocin,6
pik,6
tambun,6
yusuf,6
kusir,6
grand,6
ahmad,6
puncak,6
terminal,6
sma,6
tangerang,6
ya,5
bukalapak,5
detos,5
kapuk,5
kasablanka,5
rawamangun,5
kampung,5
untar,5
its,5
bus,5
mcd,5
bukit,5
antara,5
bci,5
cibinong,5
vihara,5
residence,5
puri,5
gunung,5
klender,5
sutera,5
gang,5
arena,5
tendean,5
mada,5
feb,5
apa,5
kemayoran,5
utara,5
no,5
permata,5
aceh,5
town,5
gajah,5
kutosari,5
hotel,5
cikini,4
don,4
senen,4
batu,4
hatiku,4
hatimu,4
shopping,4
new,4
junction,4
lebak,4
kamu,4
juanda,4
dr,4
jl,4
ruma,4
tmii,4
efek,4
mangrove,4
menuju,4
pm,4
salemba,4
rangkasbitung,4
kapten,4
singapore,4
wisata,4
rusun,4
village,4
tegal,4
pusat,4
york,4
ub,4
yani,4
bursa,4
mokmer,4
cileungsi,4
rs,4
busway,4
alam,4
suci,4
jogja,4
seoul,4
bosco,4
kebon,4
vidi,4
emporium,4
balige,4
buaran,4
kalimalang,4
tanya,4
tau,4
ragunan,4
hospital,4
banyuwangi,4
cermati,4
cilandak,4
komplek,4
gua,4
piere,4
padang,4
atas,4
cakung,4
kembang,4
altrovis,4
pademangan,4
smak,4
beji,4
jagakarsa,4
jeruk,4
siloam,4
priok,4
jati,4
midplaza,3
paling,3
tua,3
deposito,3
aku,3
mega,3
bulus,3
harapan,3
cijantung,3
pontianak,3
bulungan,3
kuta,3
soeta,3
kranji,3
santa,3
selatan,3
asri,3
korea,3
ukrida,3
jatiwaringin,3
cisitu,3
itc,3
sudimara,3
ambon,3
citra,3
hatinya,3
merdeka,3
transjakarta,3
cari,3
mojokerto,3
indo,3
sampai,3
jatinangor,3
vesperia,3
dago,3
teknik,3
sawangan,3
stis,3
kantor,3
purwokerto,3
lenmarc,3
turi,3
kalisari,3
balai,3
barata,3
perumahan,3
cikarang,3
ariobimo,3
banten,3
abadi,3
bppt,3
fib,3
sakti,3
fakultas,3
angkutan,3
mantan,3
seturan,3
rajawali,3
condet,3
gramedia,3
lottemart,3
joyoboyo,3
serdang,3
casablanca,3
caranya,3
harmoni,3
cina,3
tanggerang,3
danau,3
graha,3
tsm,3
mampang,3
pejaten,3
singkawang,3
paris,3
pariaman,3
sicc,3
korindo,3
jurangmangu,3
kalau,3
bank,3
jatibening,3
to,3
ranji,3
keraton,3
prambanan,3
ragusa,2
kyoto,2
lampung,2
doi,2
merak,2
tarutung,2
cepet,2
halte,2
yang,2
villa,2
cihampelas,2
merapi,2
myeongdong,2
sukatani,2
pogung,2
ypm,2
pacar,2
jatinegara,2
simatupang,2
pakuan,2
kedutaan,2
ice,2
bahyco,2
papua,2
ratu,2
ciledug,2
gandaria,2
yg,2
pulogadung,2
unj,2
ciganjur,2
sepulsa,2
hmm,2
sunter,2
metro,2
dharma,2
pisangan,2
the,2
lamongan,2
cp,2
gdp,2
istana,2
planetarium,2
ignatius,2
pejagalan,2
nih,2
wonosobo,2
cinere,2
belmont,2
dah,2
margocity,2
tripvisto,2
jlhenjong,2
pertamina,2
kembali,2
dhammacakka,2
ppsdms,2
sawahlunto,2
flipbox,2
gong,2
polsek,2
di,2
arah,2
putri,2
umum,2
xbata,2
smpn,2
jodoh,2
daerah,2
bis,2
tamini,2
surga,2
warna,2
candi,2
fisip,2
negeri,2
salatiga,2
timur,2
hartono,2
kalo,2
alunalun,2
kukel,2
toba,2
muncul,2
bot,2
dki,2
otista,2
kebalen,2
solo,2
berapa,2
baitussalam,2
susun,2
tahun,2
kudoplex,2
halo,2
louis,2
pwc,2
pgc,2
dolly,2
makassar,2
indralaya,2
mares,2
stan,2
nasional,2
up,2
depan,2
mansion,2
arwana,2
bellezza,2
rakyat,2
university,2
xiii,2
prapatan,2
sukses,2
sriwijaya,2
unsri,2
pt,2
telaga,2
sanur,2
trafford,2
walk,2
kober,2
ciputat,2
kasih,2
old,2
damaratri,2
teluk,2
cililitan,2
kamboja,2
mutiara,2
brawijaya,2
cek,2
marga,2
semarang,2
bogowonto,2
porcelain,2
apartment,2
perpusat,2
arjosari,2
kapur,2
kramat,2
cibulan,2
soekarna,2
tb,2
amsterdam,2
cengkeh,2
cikeas,2
masjid,2
harco,2
limelight,2
telkom,2
ujung,2
garden,2
kulon,2
kartini,2
dimensi,2
tugu,2
ongkos,2
stie,2
mini,2
arcade,2
kavling,2
quarry,2
jurusan,2
anyer,2
jambi,2
asrama,2
unpad,2
madura,2
al,2
batam,2
petojo,2
cibodas,2
jelambar,2
kolam,1
school,1
djuanda,1
sentani,1
sawit,1
deket,1
kawah,1
bayu,1
point,1
cream,1
jawa,1
tg,1
rangkas,1
pakansari,1
pesing,1
metropole,1
farisi,1
bumirejo,1
rapih,1
cafe,1
antartica,1
nusantara,1
bdn,1
happiness,1
cimory,1
yanatera,1
pangkalan,1
tim,1
kelurahan,1
prom,1
termalam,1
nusa,1
undip,1
tarumanagara,1
persada,1
building,1
sekeloa,1
penabur,1
tubagus,1
lapangan,1
binatang,1
kyai,1
adam,1
celeduk,1
citicon,1
international,1
putih,1
tawakal,1
penjaringan,1
harukaedu,1
abis,1
restaurant,1
suryopranoto,1
pal,1
ubm,1
pekan,1
gusuran,1
jagal,1
simpang,1
jakpus,1
berantkat,1
tp,1
persahabatan,1
melawai,1
tembalang,1
guesthouse,1
pangkalpinang,1
subroto,1
katedral,1
center,1
centex,1
cempaka,1
gereja,1
sydney,1
sumedang,1
pesawat,1
squatr,1
jarak,1
kirana,1
bojongsari,1
baturaja,1
politeknik,1
presiden,1
kudo,1
loh,1
yogyakarya,1
septama,1
lor,1
cirebon,1
commuterline,1
artis,1
tergar,1
lagi,1
legenda,1
sragen,1
farid,1
alurread,1
pucang,1
valley,1
kpmelayu,1
regensi,1
jodohnya,1
osaka,1
soto,1
ancolread,1
patra,1
yaudah,1
bahari,1
medicha,1
yumna,1
lima,1
ketemu,1
batangan,1
kartika,1
makan,1
pathok,1
student,1
jatos,1
dia,1
rambutan,1
surabya,1
corat,1
tadulako,1
ismail,1
krt,1
gue,1
kolatu,1
of,1
hilir,1
kotatua,1
sana,1
radio,1
mc,1
pullman,1
puring,1
van,1
rawabuntu,1
senopati,1
cotton,1
usmar,1
dalam,1
lotte,1
inderalaya,1
gorontalo,1
daru,1
saharjo,1
cie,1
banfung,1
bip,1
singapura,1
banda,1
pule,1
parkread,1
meruyung,1
apus,1
belleza,1
darj,1
lestari,1
ngoding,1
delhi,1
hermitage,1
uo,1
bdg,1
rahardi,1
adi,1
alur,1
asih,1
blom,1
gadjah,1
ado,1
jatiasih,1
gitu,1
menara,1
sumatera,1
unnes,1
tolong,1
neraka,1
pala,1
prasasti,1
cisarua,1
kuning,1
gelora,1
tunjukan,1
donald,1
gatot,1
benhil,1
cabe,1
ciwalk,1
trowulan,1
madrid,1
ghulam,1
blibli,1
sency,1
auditorium,1
jojga,1
bakom,1
portugis,1
istimewa,1
ciomas,1
aggrek,1
pagi,1
green,1
nenek,1
maluku,1
dieng,1
teras,1
lebih,1
xl,1
glodok,1
unair,1
dramaga,1
mentenf,1
kfc,1
castle,1
beijing,1
nias,1
utc,1
management,1
abuba,1
festival,1
daei,1
piruvat,1
unbraw,1
babi,1
arga,1
pulomas,1
inggris,1
nomor,1
cipete,1
ntu,1
palem,1
world,1
inggria,1
kramatjati,1
supermall,1
sawah,1
suramadu,1
mogot,1
ps,1
silicon,1
niat,1
citu,1
perbanas,1
tol,1
trisakkti,1
uiread,1
gubeng,1
room,1
cimanggu,1
pekanbaru,1
rucis,1
sport,1
hukum,1
convention,1
kimochi,1
gky,1
setu,1
snow,1
jalurnya,1
negri,1
dimana,1
bakmi,1
malamg,1
stp,1
eden,1
pare,1
lawet,1
del,1
yai,1
deh,1
tumbuh,1
rawa,1
madya,1
pelabuhan,1
bei,1
tangcit,1
garut,1
margaasih,1
lembang,1
jaksel,1
gor,1
bagimana,1
bung,1
dan,1
benteng,1
airlangga,1
lombok,1
mawar,1
teuku,1
wigo,1
benar,1
bage,1
merpati,1
dai,1
temen,1
raka,1
jodohku,1
maguwo,1
dar,1
ft,1
singapur,1
berangkay,1
meurah,1
nganjuk,1
katamso,1
pekojan,1
banyak,1
iti,1
tampilkan,1
indra,1
menganti,1
maegonda,1
taksi,1
itu,1
avenue,1
lokasi,1
rempoa,1
la,1
kusumah,1
amerika,1
saboga,1
renang,1
es,1
sempur,1
bumi,1
bridjen,1
benda,1
pancasila,1
jasa,1
kemenlu,1
toasebio,1
indomaret,1
cesa,1
bookopi,1
karawaci,1
golek,1
jkt,1
antartika,1
bandan,1
nya,1
cuma,1
saham,1
energy,1
uph,1
orange,1
pajajaran,1
fathillah,1
mulia,1
chandra,1
man,1
tadi,1
sungailiat,1
laguboti,1
thamrin,1
ambarukmo,1
roxy,1
waifu,1
house,1
bakasi,1
perdana,1
gkii,1
mayestik,1
rsup,1
nutrifood,1
rasuna,1
uber,1
jalur,1
cl,1
gangnam,1
banyumas,1
upnvj,1
samosir,1
insan,1
cilebut,1
greenvile,1
porsea,1
stadion,1
ayah,1
mediapura,1
paswalpres,1
sektor,1
venture,1
tirta,1
brimob,1
trans,1
tamya,1
pluitvillage,1
awal,1
bukpis,1
kored,1
airport,1
teber,1
jungleland,1
harvard,1
uui,1
kopasus,1
cipedak,1
hutan,1
java,1
ngaliyan,1
dun,1
it,1
uny,1
ternate,1
maharta,1
mirota,1
barito,1
kayangan,1
sidoarjo,1
exchange,1
sibolga,1
rusia,1
rik,1
rivaria,1
pacil,1
pancoran,1
balik,1
energybuilding,1
air,1
salman,1
sarina,1
kebahagiaan,1
prasetya,1
bukalapal,1
angkot,1
bandengan,1
kemanggisan,1
bakpia,1
tija,1
apartemen,1
studio,1
ciputra,1
glukosa,1
changi,1
sumarecon,1
ibis,1
kosambi,1
bunga,1
morocco,1
panti,1
siantar,1
exprees,1
usu,1
atma,1
kita,1
thomas,1
kendari,1
meize,1
elan,1
sakit,1
punggaluku,1
manchester,1
bendungan,1
gadang,1
citos,1
tapa,1
jam,1
sd,1
batik,1
km,1
trus,1
unand,1
buperta,1
medab,1
petanahan,1
pajagalan,1
temanggunv,1
medam,1
belitung,1
maliboro,1
ka,1
karang,1
citywalk,1
makasar,1
luqman,1
libra,1
daan,1
serang,1
said,1
cendekia,1
tanyajalan,1
paragon,1
sukabumi,1
enak,1
fair,1
karno,1
kidul,1
polisi,1
tunjukkan,1
selot,1
via,1
rebo,1
pvj,1
bitung,1
bhaktiyuda,1
soetta,1
malimping,1
buat,1
gram,1
malaysia,1
joint,1
krim,1
pasaraya,1
inpres,1
gadin,1
citeureup,1
univ,1
ngaterin,1
prima,1
ramayana,1
kencana,1
klapasawit,1
bri,1
gbi,1
uu,1
coret,1
